{
  "SaveName": "Moonlighter",
  "GameMode": "None",
  "Date": "4/6/2021 8:21:57 PM",
  "VersionNumber": "v13.0.5",
  "GameType": "",
  "GameComplexity": "",
  "Tags": [],
  "Gravity": 0.5,
  "PlayArea": 0.5,
  "Table": "Table_RPG",
  "Sky": "Sky_Sunset",
  "Note": "",
  "Rules": "",
  "Grid": {
    "Type": 0,
    "Lines": false,
    "Color": {
      "r": 0.0,
      "g": 0.0,
      "b": 0.0
    },
    "Opacity": 0.75,
    "ThickLines": false,
    "Snapping": false,
    "Offset": false,
    "BothSnapping": false,
    "xSize": 2.0,
    "ySize": 2.0,
    "PosOffset": {
      "x": 0.0,
      "y": 1.0,
      "z": 0.0
    }
  },
  "Lighting": {
    "LightIntensity": 0.54,
    "LightColor": {
      "r": 1.0,
      "g": 0.9804,
      "b": 0.8902
    },
    "AmbientIntensity": 1.3,
    "AmbientType": 0,
    "AmbientSkyColor": {
      "r": 0.5,
      "g": 0.5,
      "b": 0.5
    },
    "AmbientEquatorColor": {
      "r": 0.5,
      "g": 0.5,
      "b": 0.5
    },
    "AmbientGroundColor": {
      "r": 0.5,
      "g": 0.5,
      "b": 0.5
    },
    "ReflectionIntensity": 1.0,
    "LutIndex": 0,
    "LutContribution": 1.0
  },
  "Hands": {
    "Enable": true,
    "DisableUnused": false,
    "Hiding": 0
  },
  "ComponentTags": {
    "labels": []
  },
  "Turns": {
    "Enable": false,
    "Type": 0,
    "TurnOrder": [],
    "Reverse": false,
    "SkipEmpty": false,
    "DisableInteractions": false,
    "PassTurns": true
  },
  "TabStates": {
    "0": {
      "title": "Rules",
      "body": "",
      "color": "Grey",
      "visibleColor": {
        "r": 0.5,
        "g": 0.5,
        "b": 0.5
      },
      "id": 0
    },
    "1": {
      "title": "White",
      "body": "",
      "color": "White",
      "visibleColor": {
        "r": 1.0,
        "g": 1.0,
        "b": 1.0
      },
      "id": 1
    },
    "2": {
      "title": "Brown",
      "body": "",
      "color": "Brown",
      "visibleColor": {
        "r": 0.443,
        "g": 0.231,
        "b": 0.09
      },
      "id": 2
    },
    "3": {
      "title": "Red",
      "body": "",
      "color": "Red",
      "visibleColor": {
        "r": 0.856,
        "g": 0.1,
        "b": 0.094
      },
      "id": 3
    },
    "4": {
      "title": "Orange",
      "body": "",
      "color": "Orange",
      "visibleColor": {
        "r": 0.956,
        "g": 0.392,
        "b": 0.113
      },
      "id": 4
    },
    "5": {
      "title": "Yellow",
      "body": "",
      "color": "Yellow",
      "visibleColor": {
        "r": 0.905,
        "g": 0.898,
        "b": 0.172
      },
      "id": 5
    },
    "6": {
      "title": "Green",
      "body": "",
      "color": "Green",
      "visibleColor": {
        "r": 0.192,
        "g": 0.701,
        "b": 0.168
      },
      "id": 6
    },
    "7": {
      "title": "Blue",
      "body": "",
      "color": "Blue",
      "visibleColor": {
        "r": 0.118,
        "g": 0.53,
        "b": 1.0
      },
      "id": 7
    },
    "8": {
      "title": "Teal",
      "body": "",
      "color": "Teal",
      "visibleColor": {
        "r": 0.129,
        "g": 0.694,
        "b": 0.607
      },
      "id": 8
    },
    "9": {
      "title": "Purple",
      "body": "",
      "color": "Purple",
      "visibleColor": {
        "r": 0.627,
        "g": 0.125,
        "b": 0.941
      },
      "id": 9
    },
    "10": {
      "title": "Pink",
      "body": "",
      "color": "Pink",
      "visibleColor": {
        "r": 0.96,
        "g": 0.439,
        "b": 0.807
      },
      "id": 10
    },
    "11": {
      "title": "Black",
      "body": "",
      "color": "Black",
      "visibleColor": {
        "r": 0.25,
        "g": 0.25,
        "b": 0.25
      },
      "id": 11
    }
  },
  "DecalPallet": [],
  "LuaScript": "--[[ Lua code. See documentation: https://api.tabletopsimulator.com/ --]]\n\n--[[ The onLoad event is called after the game save finishes loading. --]]\nfunction onLoad()\n    --[[ print('onLoad!') --]]\nend\n\n--[[ The onUpdate event is called once per frame. --]]\nfunction onUpdate()\n    --[[ print('onUpdate loop!') --]]\nend",
  "LuaScriptState": "",
  "XmlUI": "<!-- Xml UI. See documentation: https://api.tabletopsimulator.com/ui/introUI/ -->",
  "ObjectStates": [
    {
      "GUID": "93d75f",
      "Name": "HandTrigger",
      "Transform": {
        "posX": -15.1107731,
        "posY": 4.81034231,
        "posZ": -20.1076221,
        "rotX": 0.0,
        "rotY": 0.0,
        "rotZ": 0.0,
        "scaleX": 11.7719851,
        "scaleY": 9.174497,
        "scaleZ": 4.871238
      },
      "Nickname": "",
      "Description": "",
      "GMNotes": "",
      "ColorDiffuse": {
        "r": 0.856,
        "g": 0.09999997,
        "b": 0.09399996,
        "a": 0.0
      },
      "LayoutGroupSortIndex": 0,
      "Locked": true,
      "Grid": false,
      "Snap": true,
      "IgnoreFoW": false,
      "MeasureMovement": false,
      "DragSelectable": true,
      "Autoraise": true,
      "Sticky": true,
      "Tooltip": true,
      "GridProjection": false,
      "HideWhenFaceDown": false,
      "Hands": false,
      "FogColor": "Red",
      "LuaScript": "",
      "LuaScriptState": "",
      "XmlUI": ""
    },
    {
      "GUID": "248433",
      "Name": "HandTrigger",
      "Transform": {
        "posX": -30.2150211,
        "posY": 4.81034231,
        "posZ": 10.17524,
        "rotX": 0.0,
        "rotY": 90.0,
        "rotZ": 0.0,
        "scaleX": 11.6554289,
        "scaleY": 9.174497,
        "scaleZ": 4.91995144
      },
      "Nickname": "",
      "Description": "",
      "GMNotes": "",
      "ColorDiffuse": {
        "r": 0.905,
        "g": 0.898,
        "b": 0.171999961,
        "a": 0.0
      },
      "LayoutGroupSortIndex": 0,
      "Locked": true,
      "Grid": false,
      "Snap": true,
      "IgnoreFoW": false,
      "MeasureMovement": false,
      "DragSelectable": true,
      "Autoraise": true,
      "Sticky": true,
      "Tooltip": true,
      "GridProjection": false,
      "HideWhenFaceDown": false,
      "Hands": false,
      "FogColor": "Yellow",
      "LuaScript": "",
      "LuaScriptState": "",
      "XmlUI": ""
    },
    {
      "GUID": "8449de",
      "Name": "HandTrigger",
      "Transform": {
        "posX": 30.2511711,
        "posY": 4.81034231,
        "posZ": 9.59069252,
        "rotX": 0.0,
        "rotY": 270.0,
        "rotZ": 0.0,
        "scaleX": 11.6554213,
        "scaleY": 9.174497,
        "scaleZ": 4.91995144
      },
      "Nickname": "",
      "Description": "",
      "GMNotes": "",
      "ColorDiffuse": {
        "r": 0.627,
        "g": 0.124999978,
        "b": 0.941,
        "a": 0.0
      },
      "LayoutGroupSortIndex": 0,
      "Locked": true,
      "Grid": false,
      "Snap": true,
      "IgnoreFoW": false,
      "MeasureMovement": false,
      "DragSelectable": true,
      "Autoraise": true,
      "Sticky": true,
      "Tooltip": true,
      "GridProjection": false,
      "HideWhenFaceDown": false,
      "Hands": false,
      "FogColor": "Purple",
      "LuaScript": "",
      "LuaScriptState": "",
      "XmlUI": ""
    },
    {
      "GUID": "a97a5e",
      "Name": "HandTrigger",
      "Transform": {
        "posX": 15.4749184,
        "posY": 4.81034231,
        "posZ": 19.8365288,
        "rotX": 0.0,
        "rotY": 179.8,
        "rotZ": 0.0,
        "scaleX": 11.7719746,
        "scaleY": 9.174497,
        "scaleZ": 4.87124
      },
      "Nickname": "",
      "Description": "",
      "GMNotes": "",
      "ColorDiffuse": {
        "r": 0.117999978,
        "g": 0.53,
        "b": 1.0,
        "a": 0.0
      },
      "LayoutGroupSortIndex": 0,
      "Locked": true,
      "Grid": false,
      "Snap": true,
      "IgnoreFoW": false,
      "MeasureMovement": false,
      "DragSelectable": true,
      "Autoraise": true,
      "Sticky": true,
      "Tooltip": true,
      "GridProjection": false,
      "HideWhenFaceDown": false,
      "Hands": false,
      "FogColor": "Blue",
      "LuaScript": "",
      "LuaScriptState": "",
      "XmlUI": ""
    },
    {
      "GUID": "b8c5cf",
      "Name": "HandTrigger",
      "Transform": {
        "posX": 15.1961212,
        "posY": 4.81034231,
        "posZ": -20.1400986,
        "rotX": 0.0,
        "rotY": 0.0,
        "rotZ": 0.0,
        "scaleX": 11.7719707,
        "scaleY": 9.174499,
        "scaleZ": 4.871238
      },
      "Nickname": "",
      "Description": "",
      "GMNotes": "",
      "ColorDiffuse": {
        "r": 1.0,
        "g": 1.0,
        "b": 1.0,
        "a": 0.0
      },
      "LayoutGroupSortIndex": 0,
      "Locked": true,
      "Grid": false,
      "Snap": true,
      "IgnoreFoW": false,
      "MeasureMovement": false,
      "DragSelectable": true,
      "Autoraise": true,
      "Sticky": true,
      "Tooltip": true,
      "GridProjection": false,
      "HideWhenFaceDown": false,
      "Hands": false,
      "FogColor": "White",
      "LuaScript": "",
      "LuaScriptState": "",
      "XmlUI": ""
    },
    {
      "GUID": "8e7de1",
      "Name": "HandTrigger",
      "Transform": {
        "posX": -15.1927719,
        "posY": 4.81034231,
        "posZ": 19.787817,
        "rotX": 0.0,
        "rotY": 180.0,
        "rotZ": 0.0,
        "scaleX": 11.7719707,
        "scaleY": 9.174497,
        "scaleZ": 4.871238
      },
      "Nickname": "",
      "Description": "",
      "GMNotes": "",
      "ColorDiffuse": {
        "r": 0.191999972,
        "g": 0.701,
        "b": 0.167999953,
        "a": 0.0
      },
      "LayoutGroupSortIndex": 0,
      "Locked": true,
      "Grid": false,
      "Snap": true,
      "IgnoreFoW": false,
      "MeasureMovement": false,
      "DragSelectable": true,
      "Autoraise": true,
      "Sticky": true,
      "Tooltip": true,
      "GridProjection": false,
      "HideWhenFaceDown": false,
      "Hands": false,
      "FogColor": "Green",
      "LuaScript": "",
      "LuaScriptState": "",
      "XmlUI": ""
    },
    {
      "GUID": "75ddce",
      "Name": "HandTrigger",
      "Transform": {
        "posX": 30.1035728,
        "posY": 4.81034231,
        "posZ": -8.449126,
        "rotX": 0.0,
        "rotY": 270.0,
        "rotZ": 0.0,
        "scaleX": 11.6554184,
        "scaleY": 9.174497,
        "scaleZ": 4.91995144
      },
      "Nickname": "",
      "Description": "",
      "GMNotes": "",
      "ColorDiffuse": {
        "r": 0.96,
        "g": 0.438999981,
        "b": 0.807,
        "a": 0.0
      },
      "LayoutGroupSortIndex": 0,
      "Locked": true,
      "Grid": false,
      "Snap": true,
      "IgnoreFoW": false,
      "MeasureMovement": false,
      "DragSelectable": true,
      "Autoraise": true,
      "Sticky": true,
      "Tooltip": true,
      "GridProjection": false,
      "HideWhenFaceDown": false,
      "Hands": false,
      "FogColor": "Pink",
      "LuaScript": "",
      "LuaScriptState": "",
      "XmlUI": ""
    },
    {
      "GUID": "040f3c",
      "Name": "HandTrigger",
      "Transform": {
        "posX": -30.247818,
        "posY": 4.81034231,
        "posZ": -8.822588,
        "rotX": 0.0,
        "rotY": 90.0,
        "rotZ": 0.0,
        "scaleX": 11.6554317,
        "scaleY": 9.174497,
        "scaleZ": 4.91995144
      },
      "Nickname": "",
      "Description": "",
      "GMNotes": "",
      "ColorDiffuse": {
        "r": 0.9559999,
        "g": 0.39199996,
        "b": 0.112999953,
        "a": 0.0
      },
      "LayoutGroupSortIndex": 0,
      "Locked": true,
      "Grid": false,
      "Snap": true,
      "IgnoreFoW": false,
      "MeasureMovement": false,
      "DragSelectable": true,
      "Autoraise": true,
      "Sticky": true,
      "Tooltip": true,
      "GridProjection": false,
      "HideWhenFaceDown": false,
      "Hands": false,
      "FogColor": "Orange",
      "LuaScript": "",
      "LuaScriptState": "",
      "XmlUI": ""
    },
    {
      "GUID": "eb3bad",
      "Name": "Custom_Tile_Stack",
      "Transform": {
        "posX": -26.8574448,
        "posY": 0.959999561,
        "posZ": 16.28525,
        "rotX": -6.765323E-05,
        "rotY": 180.000687,
        "rotZ": -1.21158928E-05,
        "scaleX": 1.0,
        "scaleY": 1.0,
        "scaleZ": 1.0
      },
      "Nickname": "",
      "Description": "",
      "GMNotes": "",
      "ColorDiffuse": {
        "r": 1.0,
        "g": 1.0,
        "b": 1.0
      },
      "LayoutGroupSortIndex": 0,
      "Locked": false,
      "Grid": true,
      "Snap": true,
      "IgnoreFoW": false,
      "MeasureMovement": false,
      "DragSelectable": true,
      "Autoraise": true,
      "Sticky": true,
      "Tooltip": true,
      "GridProjection": false,
      "HideWhenFaceDown": false,
      "Hands": false,
      "MaterialIndex": -1,
      "MeshIndex": -1,
      "Number": 50,
      "CustomImage": {
        "ImageURL": "http://cloud-3.steamusercontent.com/ugc/1718661242199895471/DBC5B93645E3BC06A06DE611A06FDA624843612A/",
        "ImageSecondaryURL": "http://cloud-3.steamusercontent.com/ugc/1718661242199895471/DBC5B93645E3BC06A06DE611A06FDA624843612A/",
        "ImageScalar": 1.0,
        "WidthScale": 0.0,
        "CustomTile": {
          "Type": 0,
          "Thickness": 0.2,
          "Stackable": true,
          "Stretch": true
        }
      },
      "LuaScript": "",
      "LuaScriptState": "",
      "XmlUI": ""
    },
    {
      "GUID": "52734b",
      "Name": "Custom_Tile_Stack",
      "Transform": {
        "posX": -26.73032,
        "posY": 0.9600001,
        "posZ": 6.612735,
        "rotX": 1.99092778E-08,
        "rotY": 179.994568,
        "rotZ": 1.74514874E-08,
        "scaleX": 1.0,
        "scaleY": 1.0,
        "scaleZ": 1.0
      },
      "Nickname": "",
      "Description": "",
      "GMNotes": "",
      "ColorDiffuse": {
        "r": 1.0,
        "g": 1.0,
        "b": 1.0
      },
      "LayoutGroupSortIndex": 0,
      "Locked": false,
      "Grid": true,
      "Snap": true,
      "IgnoreFoW": false,
      "MeasureMovement": false,
      "DragSelectable": true,
      "Autoraise": true,
      "Sticky": true,
      "Tooltip": true,
      "GridProjection": false,
      "HideWhenFaceDown": false,
      "Hands": false,
      "MaterialIndex": -1,
      "MeshIndex": -1,
      "Number": 5,
      "CustomImage": {
        "ImageURL": "http://cloud-3.steamusercontent.com/ugc/1718661242199905492/E202F53B41164261B85FEDF1142FE1E8017EAD4C/",
        "ImageSecondaryURL": "http://cloud-3.steamusercontent.com/ugc/1718661242199905492/E202F53B41164261B85FEDF1142FE1E8017EAD4C/",
        "ImageScalar": 1.0,
        "WidthScale": 0.0,
        "CustomTile": {
          "Type": 0,
          "Thickness": 0.2,
          "Stackable": true,
          "Stretch": false
        }
      },
      "LuaScript": "",
      "LuaScriptState": "",
      "XmlUI": ""
    },
    {
      "GUID": "757619",
      "Name": "Custom_Tile_Stack",
      "Transform": {
        "posX": -26.5455551,
        "posY": 0.959999561,
        "posZ": 13.94166,
        "rotX": -7.257173E-05,
        "rotY": 179.9968,
        "rotZ": -1.51422182E-05,
        "scaleX": 1.0,
        "scaleY": 1.0,
        "scaleZ": 1.0
      },
      "Nickname": "",
      "Description": "",
      "GMNotes": "",
      "ColorDiffuse": {
        "r": 1.0,
        "g": 1.0,
        "b": 1.0
      },
      "LayoutGroupSortIndex": 0,
      "Locked": false,
      "Grid": true,
      "Snap": true,
      "IgnoreFoW": false,
      "MeasureMovement": false,
      "DragSelectable": true,
      "Autoraise": true,
      "Sticky": true,
      "Tooltip": true,
      "GridProjection": false,
      "HideWhenFaceDown": false,
      "Hands": false,
      "MaterialIndex": -1,
      "MeshIndex": -1,
      "Number": 50,
      "CustomImage": {
        "ImageURL": "http://cloud-3.steamusercontent.com/ugc/1718661242199913711/EE66B9EFEDEBFBC813A5A39551E33738FCCB3448/",
        "ImageSecondaryURL": "http://cloud-3.steamusercontent.com/ugc/1718661242199913982/3A893D7A3E0F691C276B3CF1E8BE52EC80AB7D1F/",
        "ImageScalar": 1.0,
        "WidthScale": 0.0,
        "CustomTile": {
          "Type": 0,
          "Thickness": 0.2,
          "Stackable": true,
          "Stretch": false
        }
      },
      "LuaScript": "",
      "LuaScriptState": "",
      "XmlUI": ""
    },
    {
      "GUID": "302499",
      "Name": "Custom_Tile_Stack",
      "Transform": {
        "posX": -26.8295918,
        "posY": 0.960000634,
        "posZ": 3.99987841,
        "rotX": -5.21188838E-07,
        "rotY": 180.000427,
        "rotZ": 2.11889315E-07,
        "scaleX": 1.0,
        "scaleY": 1.0,
        "scaleZ": 1.0
      },
      "Nickname": "",
      "Description": "",
      "GMNotes": "",
      "ColorDiffuse": {
        "r": 1.0,
        "g": 1.0,
        "b": 1.0
      },
      "LayoutGroupSortIndex": 0,
      "Locked": false,
      "Grid": true,
      "Snap": true,
      "IgnoreFoW": false,
      "MeasureMovement": false,
      "DragSelectable": true,
      "Autoraise": true,
      "Sticky": true,
      "Tooltip": true,
      "GridProjection": false,
      "HideWhenFaceDown": false,
      "Hands": false,
      "MaterialIndex": -1,
      "MeshIndex": -1,
      "Number": 5,
      "CustomImage": {
        "ImageURL": "http://cloud-3.steamusercontent.com/ugc/1718661242199917906/1FD60DAA3CB87C22B86D6F33B588D78A31CC2654/",
        "ImageSecondaryURL": "http://cloud-3.steamusercontent.com/ugc/1718661242199917906/1FD60DAA3CB87C22B86D6F33B588D78A31CC2654/",
        "ImageScalar": 1.0,
        "WidthScale": 0.0,
        "CustomTile": {
          "Type": 0,
          "Thickness": 0.2,
          "Stackable": true,
          "Stretch": false
        }
      },
      "LuaScript": "",
      "LuaScriptState": "",
      "XmlUI": ""
    },
    {
      "GUID": "294723",
      "Name": "Die_8",
      "Transform": {
        "posX": -25.5772057,
        "posY": 1.29869449,
        "posZ": -14.2638111,
        "rotX": 326.263855,
        "rotY": 269.420959,
        "rotZ": 90.00003,
        "scaleX": 1.0,
        "scaleY": 1.0,
        "scaleZ": 1.0
      },
      "Nickname": "",
      "Description": "",
      "GMNotes": "",
      "ColorDiffuse": {
        "r": 0.824041843,
        "g": 0.772907257,
        "b": 0.1536105
      },
      "LayoutGroupSortIndex": 0,
      "Locked": false,
      "Grid": true,
      "Snap": true,
      "IgnoreFoW": false,
      "MeasureMovement": false,
      "DragSelectable": true,
      "Autoraise": true,
      "Sticky": true,
      "Tooltip": true,
      "GridProjection": false,
      "HideWhenFaceDown": false,
      "Hands": false,
      "MaterialIndex": 0,
      "LuaScript": "",
      "LuaScriptState": "",
      "XmlUI": "",
      "RotationValues": [
        {
          "Value": 1,
          "Rotation": {
            "x": -33.0,
            "y": 0.0,
            "z": 90.0
          }
        },
        {
          "Value": 2,
          "Rotation": {
            "x": -33.0,
            "y": 0.0,
            "z": 180.0
          }
        },
        {
          "Value": 3,
          "Rotation": {
            "x": 33.0,
            "y": 180.0,
            "z": -180.0
          }
        },
        {
          "Value": 4,
          "Rotation": {
            "x": 33.0,
            "y": 180.0,
            "z": 90.0
          }
        },
        {
          "Value": 5,
          "Rotation": {
            "x": 33.0,
            "y": 180.0,
            "z": -90.0
          }
        },
        {
          "Value": 6,
          "Rotation": {
            "x": 33.0,
            "y": 180.0,
            "z": 0.0
          }
        },
        {
          "Value": 7,
          "Rotation": {
            "x": -33.0,
            "y": 0.0,
            "z": 0.0
          }
        },
        {
          "Value": 8,
          "Rotation": {
            "x": -33.0,
            "y": 0.0,
            "z": -90.0
          }
        }
      ]
    },
    {
      "GUID": "50ebbd",
      "Name": "PlayerPawn",
      "Transform": {
        "posX": -24.9457722,
        "posY": 1.16183114,
        "posZ": -1.65051365,
        "rotX": 0.000162644967,
        "rotY": 180.0105,
        "rotZ": -1.19012348E-05,
        "scaleX": 1.0,
        "scaleY": 1.0,
        "scaleZ": 1.0
      },
      "Nickname": "",
      "Description": "",
      "GMNotes": "",
      "ColorDiffuse": {
        "r": 0.8602941,
        "g": 0.8602941,
        "b": 0.8602941
      },
      "LayoutGroupSortIndex": 0,
      "Locked": false,
      "Grid": true,
      "Snap": true,
      "IgnoreFoW": false,
      "MeasureMovement": false,
      "DragSelectable": true,
      "Autoraise": true,
      "Sticky": true,
      "Tooltip": true,
      "GridProjection": false,
      "HideWhenFaceDown": false,
      "Hands": false,
      "MaterialIndex": 0,
      "LuaScript": "",
      "LuaScriptState": "",
      "XmlUI": ""
    },
    {
      "GUID": "6ace74",
      "Name": "PlayerPawn",
      "Transform": {
        "posX": -26.7441139,
        "posY": 0.961834252,
        "posZ": -17.5939522,
        "rotX": -9.671174E-07,
        "rotY": 90.0100555,
        "rotZ": 2.73075557E-06,
        "scaleX": 1.0,
        "scaleY": 1.0,
        "scaleZ": 1.0
      },
      "Nickname": "",
      "Description": "",
      "GMNotes": "",
      "ColorDiffuse": {
        "r": 0.838235259,
        "g": 0.0,
        "b": 0.0
      },
      "LayoutGroupSortIndex": 0,
      "Locked": false,
      "Grid": true,
      "Snap": true,
      "IgnoreFoW": false,
      "MeasureMovement": false,
      "DragSelectable": true,
      "Autoraise": true,
      "Sticky": true,
      "Tooltip": true,
      "GridProjection": false,
      "HideWhenFaceDown": false,
      "Hands": false,
      "MaterialIndex": 1,
      "LuaScript": "",
      "LuaScriptState": "",
      "XmlUI": ""
    },
    {
      "GUID": "8b08c8",
      "Name": "PlayerPawn",
      "Transform": {
        "posX": -26.71271,
        "posY": 0.9618336,
        "posZ": -16.6871872,
        "rotX": 2.66481E-06,
        "rotY": 90.00003,
        "rotZ": 4.00901286E-07,
        "scaleX": 1.0,
        "scaleY": 1.0,
        "scaleZ": 1.0
      },
      "Nickname": "",
      "Description": "",
      "GMNotes": "",
      "ColorDiffuse": {
        "r": 0.867647052,
        "g": 0.520595551,
        "b": 0.0
      },
      "LayoutGroupSortIndex": 0,
      "Locked": false,
      "Grid": true,
      "Snap": true,
      "IgnoreFoW": false,
      "MeasureMovement": false,
      "DragSelectable": true,
      "Autoraise": true,
      "Sticky": true,
      "Tooltip": true,
      "GridProjection": false,
      "HideWhenFaceDown": false,
      "Hands": false,
      "MaterialIndex": 2,
      "LuaScript": "",
      "LuaScriptState": "",
      "XmlUI": ""
    },
    {
      "GUID": "fdf62e",
      "Name": "PlayerPawn",
      "Transform": {
        "posX": -26.6982574,
        "posY": 0.9618333,
        "posZ": -15.7726688,
        "rotX": 1.41965677E-06,
        "rotY": 89.9997253,
        "rotZ": -1.221571E-06,
        "scaleX": 1.0,
        "scaleY": 1.0,
        "scaleZ": 1.0
      },
      "Nickname": "",
      "Description": "",
      "GMNotes": "",
      "ColorDiffuse": {
        "r": 0.7867647,
        "g": 0.732506037,
        "b": 0.0
      },
      "LayoutGroupSortIndex": 0,
      "Locked": false,
      "Grid": true,
      "Snap": true,
      "IgnoreFoW": false,
      "MeasureMovement": false,
      "DragSelectable": true,
      "Autoraise": true,
      "Sticky": true,
      "Tooltip": true,
      "GridProjection": false,
      "HideWhenFaceDown": false,
      "Hands": false,
      "MaterialIndex": 3,
      "LuaScript": "",
      "LuaScriptState": "",
      "XmlUI": ""
    },
    {
      "GUID": "4a7406",
      "Name": "PlayerPawn",
      "Transform": {
        "posX": -26.7230587,
        "posY": 0.961833358,
        "posZ": -14.7836676,
        "rotX": -4.055076E-07,
        "rotY": 90.02608,
        "rotZ": -4.81172947E-07,
        "scaleX": 1.0,
        "scaleY": 1.0,
        "scaleZ": 1.0
      },
      "Nickname": "",
      "Description": "",
      "GMNotes": "",
      "ColorDiffuse": {
        "r": 0.0,
        "g": 0.6985294,
        "b": 0.00481740525
      },
      "LayoutGroupSortIndex": 0,
      "Locked": false,
      "Grid": true,
      "Snap": true,
      "IgnoreFoW": false,
      "MeasureMovement": false,
      "DragSelectable": true,
      "Autoraise": true,
      "Sticky": true,
      "Tooltip": true,
      "GridProjection": false,
      "HideWhenFaceDown": false,
      "Hands": false,
      "MaterialIndex": 4,
      "LuaScript": "",
      "LuaScriptState": "",
      "XmlUI": ""
    },
    {
      "GUID": "27f2bd",
      "Name": "PlayerPawn",
      "Transform": {
        "posX": -26.7499847,
        "posY": 0.9618339,
        "posZ": -13.8833084,
        "rotX": -6.46732E-06,
        "rotY": 90.04597,
        "rotZ": -9.190293E-06,
        "scaleX": 1.0,
        "scaleY": 1.0,
        "scaleZ": 1.0
      },
      "Nickname": "",
      "Description": "",
      "GMNotes": "",
      "ColorDiffuse": {
        "r": 0.0,
        "g": 0.1724138,
        "b": 1.0
      },
      "LayoutGroupSortIndex": 0,
      "Locked": false,
      "Grid": true,
      "Snap": true,
      "IgnoreFoW": false,
      "MeasureMovement": false,
      "DragSelectable": true,
      "Autoraise": true,
      "Sticky": true,
      "Tooltip": true,
      "GridProjection": false,
      "HideWhenFaceDown": false,
      "Hands": false,
      "MaterialIndex": 5,
      "LuaScript": "",
      "LuaScriptState": "",
      "XmlUI": ""
    },
    {
      "GUID": "3a2f2d",
      "Name": "PlayerPawn",
      "Transform": {
        "posX": -26.7279625,
        "posY": 0.9618337,
        "posZ": -12.9626179,
        "rotX": -3.313494E-06,
        "rotY": 89.99065,
        "rotZ": -2.067905E-06,
        "scaleX": 1.0,
        "scaleY": 1.0,
        "scaleZ": 1.0
      },
      "Nickname": "",
      "Description": "",
      "GMNotes": "",
      "ColorDiffuse": {
        "r": 0.5099936,
        "g": 0.0,
        "b": 0.8308824
      },
      "LayoutGroupSortIndex": 0,
      "Locked": false,
      "Grid": true,
      "Snap": true,
      "IgnoreFoW": false,
      "MeasureMovement": false,
      "DragSelectable": true,
      "Autoraise": true,
      "Sticky": true,
      "Tooltip": true,
      "GridProjection": false,
      "HideWhenFaceDown": false,
      "Hands": false,
      "MaterialIndex": 6,
      "LuaScript": "",
      "LuaScriptState": "",
      "XmlUI": ""
    },
    {
      "GUID": "18e557",
      "Name": "PlayerPawn",
      "Transform": {
        "posX": -26.7187786,
        "posY": 0.9618333,
        "posZ": -12.0650454,
        "rotX": -7.043583E-06,
        "rotY": 179.9887,
        "rotZ": 4.97617862E-07,
        "scaleX": 1.0,
        "scaleY": 1.0,
        "scaleZ": 1.0
      },
      "Nickname": "",
      "Description": "",
      "GMNotes": "",
      "ColorDiffuse": {
        "r": 0.8602941,
        "g": 0.0,
        "b": 0.7653667
      },
      "LayoutGroupSortIndex": 0,
      "Locked": false,
      "Grid": true,
      "Snap": true,
      "IgnoreFoW": false,
      "MeasureMovement": false,
      "DragSelectable": true,
      "Autoraise": true,
      "Sticky": true,
      "Tooltip": true,
      "GridProjection": false,
      "HideWhenFaceDown": false,
      "Hands": false,
      "MaterialIndex": 7,
      "LuaScript": "",
      "LuaScriptState": "",
      "XmlUI": ""
    },
    {
      "GUID": "b63d20",
      "Name": "PlayerPawn",
      "Transform": {
        "posX": -26.7151184,
        "posY": 0.961833358,
        "posZ": -11.0711117,
        "rotX": -3.28974056E-06,
        "rotY": 90.00029,
        "rotZ": -1.13903752E-06,
        "scaleX": 1.0,
        "scaleY": 1.0,
        "scaleZ": 1.0
      },
      "Nickname": "",
      "Description": "",
      "GMNotes": "",
      "ColorDiffuse": {
        "r": 0.154411763,
        "g": 0.154411763,
        "b": 0.154411763
      },
      "LayoutGroupSortIndex": 0,
      "Locked": false,
      "Grid": true,
      "Snap": true,
      "IgnoreFoW": false,
      "MeasureMovement": false,
      "DragSelectable": true,
      "Autoraise": true,
      "Sticky": true,
      "Tooltip": true,
      "GridProjection": false,
      "HideWhenFaceDown": false,
      "Hands": false,
      "MaterialIndex": 8,
      "LuaScript": "",
      "LuaScriptState": "",
      "XmlUI": ""
    },
    {
      "GUID": "2e80b4",
      "Name": "Die_10",
      "Transform": {
        "posX": -24.7675476,
        "posY": 1.3233093,
        "posZ": -4.33766651,
        "rotX": 321.172943,
        "rotY": 269.759949,
        "rotZ": 234.516678,
        "scaleX": 1.0,
        "scaleY": 1.0,
        "scaleZ": 1.0
      },
      "Nickname": "",
      "Description": "",
      "GMNotes": "",
      "ColorDiffuse": {
        "r": 0.0,
        "g": 0.0,
        "b": 0.0,
        "a": 0.870588243
      },
      "LayoutGroupSortIndex": 0,
      "Locked": false,
      "Grid": true,
      "Snap": true,
      "IgnoreFoW": false,
      "MeasureMovement": false,
      "DragSelectable": true,
      "Autoraise": true,
      "Sticky": true,
      "Tooltip": true,
      "GridProjection": false,
      "HideWhenFaceDown": false,
      "Hands": false,
      "MaterialIndex": 0,
      "LuaScript": "",
      "LuaScriptState": "",
      "XmlUI": "",
      "RotationValues": [
        {
          "Value": 1,
          "Rotation": {
            "x": -38.0,
            "y": 0.0,
            "z": 234.0
          }
        },
        {
          "Value": 2,
          "Rotation": {
            "x": 38.0,
            "y": 180.0,
            "z": -233.0
          }
        },
        {
          "Value": 3,
          "Rotation": {
            "x": -38.0,
            "y": 0.0,
            "z": 20.0
          }
        },
        {
          "Value": 4,
          "Rotation": {
            "x": 38.0,
            "y": 180.0,
            "z": -17.0
          }
        },
        {
          "Value": 5,
          "Rotation": {
            "x": -38.0,
            "y": 0.0,
            "z": 90.0
          }
        },
        {
          "Value": 6,
          "Rotation": {
            "x": 38.0,
            "y": 180.0,
            "z": -161.0
          }
        },
        {
          "Value": 7,
          "Rotation": {
            "x": -38.0,
            "y": 0.0,
            "z": 307.0
          }
        },
        {
          "Value": 8,
          "Rotation": {
            "x": 38.0,
            "y": 180.0,
            "z": -304.0
          }
        },
        {
          "Value": 9,
          "Rotation": {
            "x": -38.0,
            "y": 0.0,
            "z": 163.0
          }
        },
        {
          "Value": 10,
          "Rotation": {
            "x": 38.0,
            "y": 180.0,
            "z": -90.0
          }
        }
      ]
    },
    {
      "GUID": "85e3e9",
      "Name": "Custom_Tile",
      "Transform": {
        "posX": -24.9035339,
        "posY": 0.9599995,
        "posZ": -1.68270278,
        "rotX": 1.88110989E-05,
        "rotY": 180.0169,
        "rotZ": -7.372631E-05,
        "scaleX": 1.0,
        "scaleY": 1.0,
        "scaleZ": 1.0
      },
      "Nickname": "",
      "Description": "",
      "GMNotes": "",
      "ColorDiffuse": {
        "r": 1.0,
        "g": 1.0,
        "b": 1.0
      },
      "LayoutGroupSortIndex": 0,
      "Locked": false,
      "Grid": true,
      "Snap": true,
      "IgnoreFoW": false,
      "MeasureMovement": false,
      "DragSelectable": true,
      "Autoraise": true,
      "Sticky": true,
      "Tooltip": true,
      "GridProjection": false,
      "HideWhenFaceDown": false,
      "Hands": false,
      "CustomImage": {
        "ImageURL": "http://cloud-3.steamusercontent.com/ugc/1718661242199895471/DBC5B93645E3BC06A06DE611A06FDA624843612A/",
        "ImageSecondaryURL": "http://cloud-3.steamusercontent.com/ugc/1718661242199895471/DBC5B93645E3BC06A06DE611A06FDA624843612A/",
        "ImageScalar": 1.0,
        "WidthScale": 0.0,
        "CustomTile": {
          "Type": 0,
          "Thickness": 0.2,
          "Stackable": true,
          "Stretch": true
        }
      },
      "LuaScript": "",
      "LuaScriptState": "",
      "XmlUI": ""
    },
    {
      "GUID": "1674fc",
      "Name": "Custom_Tile_Stack",
      "Transform": {
        "posX": -26.7569542,
        "posY": 0.960000753,
        "posZ": 9.072699,
        "rotX": -1.35849689E-06,
        "rotY": 179.975632,
        "rotZ": -2.633147E-06,
        "scaleX": 1.0,
        "scaleY": 1.0,
        "scaleZ": 1.0
      },
      "Nickname": "",
      "Description": "",
      "GMNotes": "",
      "ColorDiffuse": {
        "r": 1.0,
        "g": 1.0,
        "b": 1.0
      },
      "LayoutGroupSortIndex": 0,
      "Locked": false,
      "Grid": true,
      "Snap": true,
      "IgnoreFoW": false,
      "MeasureMovement": false,
      "DragSelectable": true,
      "Autoraise": true,
      "Sticky": true,
      "Tooltip": true,
      "GridProjection": false,
      "HideWhenFaceDown": false,
      "Hands": false,
      "MaterialIndex": -1,
      "MeshIndex": -1,
      "Number": 25,
      "CustomImage": {
        "ImageURL": "http://cloud-3.steamusercontent.com/ugc/1718661242199910787/88F335C6126AC973B9D524D7B8B77606706860B7/",
        "ImageSecondaryURL": "http://cloud-3.steamusercontent.com/ugc/1718661242199913982/3A893D7A3E0F691C276B3CF1E8BE52EC80AB7D1F/",
        "ImageScalar": 1.0,
        "WidthScale": 0.0,
        "CustomTile": {
          "Type": 0,
          "Thickness": 0.2,
          "Stackable": true,
          "Stretch": false
        }
      },
      "LuaScript": "",
      "LuaScriptState": "",
      "XmlUI": ""
    },
    {
      "GUID": "43ac4d",
      "Name": "Custom_Tile_Stack",
      "Transform": {
        "posX": -26.6629868,
        "posY": 0.9600022,
        "posZ": 11.6050558,
        "rotX": 1.511679E-06,
        "rotY": 180.034271,
        "rotZ": -8.018806E-06,
        "scaleX": 1.0,
        "scaleY": 1.0,
        "scaleZ": 1.0
      },
      "Nickname": "",
      "Description": "",
      "GMNotes": "",
      "ColorDiffuse": {
        "r": 1.0,
        "g": 1.0,
        "b": 1.0
      },
      "LayoutGroupSortIndex": 0,
      "Locked": false,
      "Grid": true,
      "Snap": true,
      "IgnoreFoW": false,
      "MeasureMovement": false,
      "DragSelectable": true,
      "Autoraise": true,
      "Sticky": true,
      "Tooltip": true,
      "GridProjection": false,
      "HideWhenFaceDown": false,
      "Hands": false,
      "MaterialIndex": -1,
      "MeshIndex": -1,
      "Number": 35,
      "CustomImage": {
        "ImageURL": "http://cloud-3.steamusercontent.com/ugc/1718661242199998041/32AFEBFA00CC45E83E4C638E245A5ED88399E498/",
        "ImageSecondaryURL": "http://cloud-3.steamusercontent.com/ugc/1718661242199913982/3A893D7A3E0F691C276B3CF1E8BE52EC80AB7D1F/",
        "ImageScalar": 1.0,
        "WidthScale": 0.0,
        "CustomTile": {
          "Type": 0,
          "Thickness": 0.2,
          "Stackable": true,
          "Stretch": false
        }
      },
      "LuaScript": "",
      "LuaScriptState": "",
      "XmlUI": ""
    },
    {
      "GUID": "db3c23",
      "Name": "Die_6",
      "Transform": {
        "posX": -24.8418484,
        "posY": 1.29019988,
        "posZ": 1.15547621,
        "rotX": 270.0,
        "rotY": 7.11313842E-05,
        "rotZ": 0.0,
        "scaleX": 1.0,
        "scaleY": 1.0,
        "scaleZ": 1.0
      },
      "Nickname": "",
      "Description": "",
      "GMNotes": "",
      "ColorDiffuse": {
        "r": 1.0,
        "g": 0.0331009626,
        "b": 0.0331009626
      },
      "LayoutGroupSortIndex": 0,
      "Locked": false,
      "Grid": true,
      "Snap": true,
      "IgnoreFoW": false,
      "MeasureMovement": false,
      "DragSelectable": true,
      "Autoraise": true,
      "Sticky": true,
      "Tooltip": true,
      "GridProjection": false,
      "HideWhenFaceDown": false,
      "Hands": false,
      "MaterialIndex": 0,
      "LuaScript": "",
      "LuaScriptState": "",
      "XmlUI": "",
      "RotationValues": [
        {
          "Value": 1,
          "Rotation": {
            "x": -90.0,
            "y": 0.0,
            "z": 0.0
          }
        },
        {
          "Value": 2,
          "Rotation": {
            "x": 0.0,
            "y": 0.0,
            "z": 0.0
          }
        },
        {
          "Value": 3,
          "Rotation": {
            "x": 0.0,
            "y": 0.0,
            "z": -90.0
          }
        },
        {
          "Value": 4,
          "Rotation": {
            "x": 0.0,
            "y": 0.0,
            "z": 90.0
          }
        },
        {
          "Value": 5,
          "Rotation": {
            "x": 0.0,
            "y": 0.0,
            "z": -180.0
          }
        },
        {
          "Value": 6,
          "Rotation": {
            "x": 90.0,
            "y": 0.0,
            "z": 0.0
          }
        }
      ]
    },
    {
      "GUID": "36ae75",
      "Name": "Counter",
      "Transform": {
        "posX": -26.6577549,
        "posY": 0.93,
        "posZ": -8.019911,
        "rotX": -1.29120974E-06,
        "rotY": 91.18018,
        "rotZ": 1.82934514E-07,
        "scaleX": 1.0,
        "scaleY": 1.0,
        "scaleZ": 1.0
      },
      "Nickname": "",
      "Description": "",
      "GMNotes": "",
      "ColorDiffuse": {
        "r": 1.0,
        "g": 1.0,
        "b": 1.0
      },
      "LayoutGroupSortIndex": 0,
      "Locked": false,
      "Grid": true,
      "Snap": true,
      "IgnoreFoW": false,
      "MeasureMovement": false,
      "DragSelectable": true,
      "Autoraise": true,
      "Sticky": true,
      "Tooltip": true,
      "GridProjection": false,
      "HideWhenFaceDown": false,
      "Hands": false,
      "Counter": {
        "value": 5
      },
      "LuaScript": "",
      "LuaScriptState": "",
      "XmlUI": ""
    },
    {
      "GUID": "166ac2",
      "Name": "Counter",
      "Transform": {
        "posX": -22.647274,
        "posY": 0.9299998,
        "posZ": -8.015548,
        "rotX": 8.87701361E-08,
        "rotY": 89.92893,
        "rotZ": -6.839706E-08,
        "scaleX": 1.0,
        "scaleY": 1.0,
        "scaleZ": 1.0
      },
      "Nickname": "",
      "Description": "",
      "GMNotes": "",
      "ColorDiffuse": {
        "r": 1.0,
        "g": 0.0331009626,
        "b": 0.0331009626
      },
      "LayoutGroupSortIndex": 0,
      "Locked": false,
      "Grid": true,
      "Snap": true,
      "IgnoreFoW": false,
      "MeasureMovement": false,
      "DragSelectable": true,
      "Autoraise": true,
      "Sticky": true,
      "Tooltip": true,
      "GridProjection": false,
      "HideWhenFaceDown": false,
      "Hands": false,
      "Counter": {
        "value": 2
      },
      "LuaScript": "",
      "LuaScriptState": "",
      "XmlUI": ""
    },
    {
      "GUID": "b0d28b",
      "Name": "Counter",
      "Transform": {
        "posX": -20.6555367,
        "posY": 0.9299998,
        "posZ": -7.99498749,
        "rotX": 7.21552E-08,
        "rotY": 89.9999542,
        "rotZ": 8.950357E-08,
        "scaleX": 1.0,
        "scaleY": 1.0,
        "scaleZ": 1.0
      },
      "Nickname": "",
      "Description": "",
      "GMNotes": "",
      "ColorDiffuse": {
        "r": 1.0,
        "g": 0.33023265,
        "b": 0.0
      },
      "LayoutGroupSortIndex": 0,
      "Locked": false,
      "Grid": true,
      "Snap": true,
      "IgnoreFoW": false,
      "MeasureMovement": false,
      "DragSelectable": true,
      "Autoraise": true,
      "Sticky": true,
      "Tooltip": true,
      "GridProjection": false,
      "HideWhenFaceDown": false,
      "Hands": false,
      "Counter": {
        "value": 2
      },
      "LuaScript": "",
      "LuaScriptState": "",
      "XmlUI": ""
    },
    {
      "GUID": "6271bd",
      "Name": "Counter",
      "Transform": {
        "posX": -24.6265068,
        "posY": 0.9299998,
        "posZ": -7.98402166,
        "rotX": 1.39188927E-07,
        "rotY": 90.03215,
        "rotZ": 1.73190742E-08,
        "scaleX": 1.0,
        "scaleY": 1.0,
        "scaleZ": 1.0
      },
      "Nickname": "",
      "Description": "",
      "GMNotes": "",
      "ColorDiffuse": {
        "r": 0.117999949,
        "g": 0.53,
        "b": 1.0
      },
      "LayoutGroupSortIndex": 0,
      "Locked": false,
      "Grid": true,
      "Snap": true,
      "IgnoreFoW": false,
      "MeasureMovement": false,
      "DragSelectable": true,
      "Autoraise": true,
      "Sticky": true,
      "Tooltip": true,
      "GridProjection": false,
      "HideWhenFaceDown": false,
      "Hands": false,
      "Counter": {
        "value": 25
      },
      "LuaScript": "",
      "LuaScriptState": "",
      "XmlUI": ""
    }
  ]
}